,delta_median_on,delta_median_off,avg_delta_median
TTTG,-2.373184205566765,0.018363458007595278,-1.177410373779585
TTTC,-1.4555188372587229,-0.4398629364447168,-0.9476908868517199
CTTA,-1.4677940031144598,-0.16861649106374643,-0.8182052470891031
TC,-1.0141799760083638,-0.35886822155901593,-0.6865240987836899
AGGA,-1.4155908532996508,0.32639400912732286,-0.5445984220861639
TGTA,-0.9881851145705315,-0.050376749696962056,-0.5192809321337468
TAGA,-0.9341299875605694,-0.028442731411791343,-0.48128635948618037
TAGT,-1.3397014439733061,0.4564537028157073,-0.4416238705787994
CTT,-1.4264305234658827,0.5816931408828635,-0.4223686912915096
GTT,-1.9491410257762056,1.2562842171530897,-0.34642840431155797
GAGT,-1.4067102820585085,0.948830996670166,-0.22893964269417122
ACCT,-1.269846416202474,0.9397632076269575,-0.16504160428775827
GACA,-1.0664006065464045,0.7738480447659474,-0.14627628089022854
GACT,-1.5496799200775335,1.3845082263048303,-0.08258584688635162
AAGC,-1.3376232482479513,1.2058902181668363,-0.06586651504055752
ATCA,-0.980780523861353,0.8991469764479336,-0.040816773706709664
AACG,-1.4473384124922153,1.4531587195458349,0.002910153526809789
TAC,-0.4801908323604518,0.6160242910658973,0.06791672935272275
CATT,-0.6167666971093662,0.8123583967208736,0.09779584980575373
GGTT,-1.4526981620947117,1.7031218313019088,0.12521183460359853
CA,-0.9691252532696698,1.2268438534946968,0.1288593001125135
GTC,-0.17763546582292433,0.7328802168223565,0.2776223754997161
TGCA,0.13036160765512883,0.4442823472677323,0.28732197746143057
TGGA,-0.6894449745865743,1.4736252142043131,0.39209011980886943
GCTA,0.18689969341369322,0.7728289380103042,0.4798643157119987
CTC,0.2510566396577111,1.181199941804406,0.7161282907310584
ATG,0.16438696797098956,1.393095872351061,0.7787414201610252
ATCG,0.818367166708222,0.8941082717511648,0.8562377192296934
GCA,-0.21154522384335042,1.9900958404657734,0.8892753083112115
CGTA,0.6510722157143362,1.1654098723950197,0.908241044054678
GGCA,0.38469652225465334,1.696040491060138,1.0403685066573958
CGGT,0.41189025174801275,1.863091138728853,1.1374906952384327
GTCC,-0.09842957256477385,2.4649269899468207,1.1832487086910235
GCTG,0.8546681903436281,2.341255096844943,1.5979616435942856
TGCG,1.5611105189396697,2.966433448239596,2.263771983589633
