,delta_median_on,delta_median_off,avg_delta_median
TTTG,-3.3969402057444595,-0.5597746483800758,-1.9783574270622677
TGTA,-3.723946894568769,-0.11387970090777659,-1.9189132977382728
CTTA,-3.055656337708928,-0.10998651583129879,-1.5828214267701133
TAGT,-3.1678224294891226,0.1644524374111787,-1.501684996038972
TAGA,-2.477638258858091,-0.1291942330214947,-1.3034162459397929
TC,-2.4135614998038704,-0.14642106285525575,-1.279991281329563
ACCT,-2.576297800385081,0.5519341629806841,-1.0121818187021985
AAGC,-2.1339535770027593,0.18151687072103473,-0.9762183531408624
TTTC,-1.8646769632678342,0.13965042873254124,-0.8625132672676464
GAGT,-2.0899982461158717,0.41944344764928077,-0.8352773992332955
AGGA,-2.221642139212342,0.5724107261291302,-0.824615706541606
CA,-2.040340084087866,0.550873456118335,-0.7447333139847655
TAC,-1.7186922520034074,0.5976071841803052,-0.5605425339115511
ATCA,-1.4122057910550951,0.553183330643017,-0.4295112302060391
GTT,-1.610751535777585,0.8359780208393938,-0.3873867574690956
CATT,-1.2279016529849436,0.5009332641634954,-0.3634841944107241
GGTT,-1.0710613123208965,0.7244418345978414,-0.17330973886152756
GACT,-0.7451054036209402,0.5543231988020072,-0.09539110240946652
GACA,-0.804231891044467,0.6668158121366526,-0.06870803945390719
CTT,-0.5843989866970789,0.7906499369252401,0.1031254751140806
GCA,-0.29202859117382934,0.5685093785975005,0.13824039371183558
AACG,-0.34451297696808575,0.7764095432850114,0.21594828315846284
GTCC,0.3669181340704242,0.5580581001671929,0.46248811711880855
TGCA,0.11814985877853446,0.9388510179935403,0.5285004383860374
TGGA,0.4724864558680174,0.8427818212140925,0.6576341385410549
GCTA,0.3483698252327083,1.173520851491999,0.7609453383623537
CGTA,0.48924845677185713,1.234396841043486,0.8618226489076716
ATCG,1.1147859147883954,1.4577548269647504,1.286270370876573
ATG,0.8991074579581809,1.7890443673178276,1.3440759126380042
GGCA,1.6815009335854127,2.0249692596548132,1.853235096620113
CGGT,2.3334589637320287,1.8051533806670808,2.0693061721995547
CTC,2.486566537975388,2.750221298050813,2.6183939180131004
GCTG,3.5901991144743794,4.066626901131195,3.828413007802787
