,delta_median_on,delta_median_off,avg_delta_median
TGCA,-3.200992613317939,-2.300479217433324,-2.7507359153756314
TC,-2.4899175358486123,-1.9098471278812612,-2.199882331864937
TTTC,-2.572859026314479,-1.5694440954402065,-2.0711515608773428
ATCG,-1.2165963921480332,-1.2403348563741787,-1.2284656242611058
TTTG,-1.7198906441953394,-0.5776659790715164,-1.148778311633428
TAGA,-1.4873038727397057,-0.44229433735143775,-0.9647991050455718
AAGC,-1.1935322745101284,-0.6689099191740882,-0.9312210968421083
GCTA,-1.1935884381069262,-0.625749535080242,-0.9096689865935841
CGTA,-0.9267251415658959,-0.7210921289799874,-0.8239086352729417
CTTA,-1.1112763853879934,-0.4526942697652115,-0.7819853275766024
CTT,-1.001117028248665,-0.014436301329093223,-0.5077766647888791
CATT,-0.6741064546984136,-0.33067764036811187,-0.5023920475332627
AGGA,-0.8162409809442642,0.2870526647642784,-0.2645941580899929
CTC,0.00015934298716753785,-0.1827788895004435,-0.09130977325663797
GACA,-0.39176955255822166,0.264107157865626,-0.06383119734629783
TGTA,-0.6061545337194338,0.6970390159678372,0.0454422411242017
ATG,-0.07095265877541419,0.32222708632698355,0.12563721377578468
ATCA,-0.0821342371074491,0.44726102946951707,0.18256339618103398
TAC,0.18535698805003373,0.49583330682616245,0.3405951474380981
TAGT,0.08471038344453646,0.6279745855457162,0.3563424844951263
AACG,0.30256155480698976,0.7343889442084176,0.5184752495077036
GACT,0.12382620149808218,1.0003619112685893,0.5620940563833358
GAGT,0.1303488952321508,1.0032364208998157,0.5667926580659832
GTT,-0.00015934298716753785,1.2005979878994315,0.600219322456132
CA,0.21596771729505232,1.588082621834492,0.9020251695647721
GGTT,0.7374230233806472,1.6503947827456749,1.193908903063161
ACCT,1.089945040631685,1.846404634003007,1.468174837317346
TGGA,1.2779012880097125,1.8928097992107265,1.5853555436102194
GCA,3.0289865977549497,2.53526411554897,2.78212535665196
GTCC,3.2801483336062054,2.549451511450945,2.9147999225285752
GTC,3.766585624193838,3.659269692145899,3.7129276581698685
