,delta_median_on,delta_median_off,avg_delta_median
CAAA,-3.2160975681965107,-0.5685439937614176,-1.8923207809789642
CATA,-2.886816892311174,-0.28984059180362237,-1.5883287420573982
ACTT,-2.92547731993823,-0.10998651583129879,-1.5177319178847644
GTTA,-3.007545244607091,0.1644524374111787,-1.4215464035979561
TC,-2.247017205800123,-0.27688408724126445,-1.2619506465206938
AGAT,-2.211576900857515,-0.1291942330214947,-1.1703855669395047
AGGT,-2.4502735759332435,0.5478150677461944,-0.9512292540935245
AGGA,-2.138912614068489,0.3304094892180437,-0.9042515624252225
AGAA,-1.8646769632678342,0.08344716838532987,-0.8906148974412521
TTGC,-1.8812066620500634,0.11895581065121871,-0.8811254256994223
ACTC,-2.023224823960806,0.3161407521354878,-0.8535420359126592
GTT,-1.5774200587573415,0.474832336578095,-0.5512938610896232
CTA,-1.6619645576702535,0.5976071841803052,-0.5321786867449741
ATCA,-1.3995811536158422,0.553183330643017,-0.42319891148641264
CATT,-1.2279016529849436,0.5009332641634954,-0.3634841944107241
TG,-1.1450855527801005,0.5367623432827581,-0.3041616047486712
CGT,-0.7187749285814345,0.4315786977146449,-0.14359811543339482
TCAG,-0.7451054036209402,0.5543231988020072,-0.09539110240946652
TGGT,-0.8657993285417834,0.7607569649779166,-0.052521181781933435
CTGT,-0.5804447355420521,0.5223161729624424,-0.029064281289804872
GCT,-0.3859671599720482,0.48222416957290015,0.048128504800425964
AAG,-0.5843989866970789,0.7906499369252401,0.1031254751140806
GAAC,-0.34451297696808575,0.7764095432850114,0.21594828315846284
CGGA,0.3486592954449496,0.5091868239135514,0.4289230596792505
GCAT,0.18230988412107807,0.778852774592622,0.48058132935685005
GAGC,0.5696416560635162,0.3939560360167255,0.4817988460401209
ATTA,1.1926655459431852,-0.08817560235359001,0.5522449717947976
CATC,0.42879540514483694,0.7647785429726833,0.5967869740587601
GCTA,0.3483698252327083,1.173520851491999,0.7609453383623537
GTAC,0.5774803516546776,1.1728784029660693,0.8751793773103734
ACCG,0.9762847778203763,0.8316039995722955,0.9039443886963359
TGA,0.8991074579581809,0.95336843208733,0.9262379450227555
CCTG,1.06683448981216,1.4721269134522394,1.2694807016321996
ATCG,1.1275537997280074,1.4577548269647504,1.2926543133463788
GGCT,0.9888961149978606,2.163197827165635,1.5760469710817477
CACG,1.6977561882559562,1.7035690607568243,1.7006626245063903
TTTA,1.4220188476182833,2.3107224723595015,1.8663706599888923
GGA,1.9120925320155913,2.155919635685741,2.034006083850666
