,delta_median_on,delta_median_off,avg_delta_median
GCAT,-2.738005183826283,-2.03750698672831,-2.3877560852772968
TC,-2.3317201884695,-1.4992083288728126,-1.915464258671156
AGAA,-2.2194073588358183,-1.4179045024360895,-1.8186559306359538
CCA,-1.302783494485683,-1.6193893323706177,-1.4610864134281503
ATCG,-1.0147048945538395,-1.0520956924540408,-1.0334002935039401
CAAA,-1.4666157136797926,-0.5776659790715164,-1.0221408463756545
TTGC,-1.1400982390493575,-0.555022859866193,-0.8475605494577753
AGAT,-1.248694079239955,-0.3367881785275338,-0.7927411288837444
GCTA,-1.0042221539049363,-0.5059363966756194,-0.7550792752902779
GTAC,-0.7465268458236343,-0.6328853660386768,-0.6897061059311556
ACTT,-0.9845526329060679,-0.37694766966706594,-0.6807501512865669
AAG,-1.001117028248665,0.017688481772335736,-0.49171427323816463
CATT,-0.5594705699482327,-0.24971205406134983,-0.40459131200479126
AGGA,-0.6845865802877688,0.2870526647642784,-0.1987669577617452
GGA,0.00015934298716753785,-0.1827788895004435,-0.09130977325663797
CTGT,-0.3332640969366402,0.2758749870660523,-0.028694554935293964
CATA,-0.437006632493611,0.6082383042319757,0.08561583586918234
TGA,-0.02454224426663866,0.19942682036806755,0.08744228805071444
ATCA,-0.03112841486226598,0.42660801949214233,0.19773980231493818
GTT,-0.08992327817401816,0.6773820594993412,0.2937293906626615
CTA,0.20447736599500355,0.46323789707506824,0.3338576315350359
GTTA,0.12713264974098168,0.5716258835585816,0.34937926664978164
GAAC,0.29241279412892635,0.6673216558606434,0.47986722499478485
ACTC,0.1403812140355288,0.8217881695720586,0.4810846918037937
TCAG,0.13775795662884996,0.9681057437393288,0.5529318501840894
TG,0.1120778914663732,1.2922956288269436,0.7021867601466584
TGGT,0.5768592620148467,1.3401328949292872,0.958496078472067
AGGT,0.9752165529204917,1.6325772581974185,1.303896905558955
CATC,1.1614416521770687,1.6505805639307995,1.4060111080539341
GCT,2.39848270236272,2.0594334118965527,2.2289580571296366
CGGA,2.6829246178847717,2.2616625331976783,2.472293575541225
CGT,2.426685901969952,2.7312230259271195,2.578954463948536
CCTG,7.888243619802102,3.9971981913890646,5.942720905595584
